No. Data Points,Actual,Mira,OSARG,RRab,RRc,RRd,SRV,clasCep,clasOvertoneCep,contactBinary,detachedBinary,dsct,t2Cep,t2RVTau,All
0 < 100,Mira,9448,562,45,5,0,1618,143,3,198,113,67,120,371,12693
0 < 100,OSARG,634,8874,147,83,1,990,22,12,90,262,19,61,111,11306
0 < 100,RRab,201,114,5444,1985,109,95,181,42,968,2013,99,565,81,11897
0 < 100,RRc,130,60,1206,7548,183,62,160,102,729,1191,123,184,38,11716
0 < 100,RRd,9,6,68,243,71,2,4,0,22,38,9,19,7,498
0 < 100,SRV,4476,1748,95,134,12,3364,648,58,238,219,187,311,614,12104
0 < 100,clasCep,51,11,91,55,9,26,1475,85,97,73,92,308,27,2400
0 < 100,clasOvertoneCep,9,6,45,173,12,9,211,514,59,44,68,57,0,1207
0 < 100,contactBinary,490,148,2275,2802,107,162,223,65,2453,2564,139,548,149,12125
0 < 100,detachedBinary,176,132,778,831,66,98,339,109,1040,7927,163,267,69,11995
0 < 100,dsct,48,19,62,139,4,24,226,157,140,60,436,67,18,1400
0 < 100,t2Cep,91,127,786,410,16,70,248,45,156,234,101,2973,595,5852
0 < 100,t2RVTau,46,66,10,13,0,28,20,0,2,11,5,91,700,992
100 < 200,Mira,6619,39,5,0,0,107,42,2,7,2,2,203,487,7515
100 < 200,OSARG,52,2142,14,7,1,291,7,8,33,29,5,31,9,2629
100 < 200,RRab,40,82,843,248,72,34,1036,162,477,121,9,1551,28,4703
100 < 200,RRc,8,25,179,735,106,10,373,209,1753,115,19,891,7,4430
100 < 200,RRd,4,4,10,5,104,1,49,8,29,5,0,85,2,306
100 < 200,SRV,565,341,13,35,2,2826,311,367,1662,58,7,2788,424,9399
100 < 200,clasCep,4,0,14,9,2,0,2906,234,46,0,6,312,9,3542
100 < 200,clasOvertoneCep,0,0,2,15,0,0,106,1433,16,0,6,56,0,1634
100 < 200,contactBinary,14,26,133,211,7,10,112,122,2627,155,12,522,16,3967
100 < 200,detachedBinary,53,16,77,93,11,13,58,108,3079,1326,19,375,33,5261
100 < 200,dsct,25,22,31,63,12,3,376,694,2553,46,33,641,6,4505
100 < 200,t2Cep,0,11,39,21,0,0,122,40,89,7,6,2445,14,2794
100 < 200,t2RVTau,0,6,0,0,0,4,0,0,0,1,1,45,207,264
1000 < 1100,Mira,57,0,0,0,0,0,0,0,0,0,0,0,0,57
1000 < 1100,OSARG,0,81,0,0,0,7,0,0,0,0,1,1,0,90
1000 < 1100,RRab,0,1,70,16,0,0,1,0,2,0,0,1,0,91
1000 < 1100,RRc,0,0,5,92,0,0,0,2,0,0,0,0,0,99
1000 < 1100,RRd,0,0,0,0,3,0,0,0,0,0,0,0,0,3
1000 < 1100,SRV,1,3,0,0,0,61,0,0,0,0,0,3,0,68
1000 < 1100,contactBinary,0,0,0,0,0,0,0,0,2,1,0,0,0,3
1000 < 1100,detachedBinary,0,0,0,1,0,0,0,0,1,5,0,0,0,7
1000 < 1100,dsct,0,0,0,0,0,0,2,0,3,0,421,0,0,426
1000 < 1100,t2Cep,0,0,0,0,0,0,2,0,0,0,0,12,0,14
10000 < 10100,RRab,0,0,2,1,0,0,0,0,0,0,0,3,0,6
10100 < 10200,RRab,0,0,0,0,0,0,0,0,0,0,0,1,0,1
10200 < 10300,RRab,0,0,1,0,0,0,0,0,0,0,0,0,0,1
10200 < 10300,RRc,0,0,0,1,0,0,0,0,0,0,0,0,0,1
10300 < 10400,RRab,0,0,1,0,0,0,0,0,0,0,0,0,0,1
10400 < 10500,RRab,0,0,1,0,0,0,0,0,0,1,0,0,0,2
10400 < 10500,RRc,0,0,0,2,0,0,0,0,0,0,0,0,0,2
10500 < 10600,RRab,0,0,1,0,0,0,0,0,0,0,0,0,0,1
10600 < 10700,RRab,0,0,2,0,0,0,0,0,0,0,0,0,0,2
10600 < 10700,RRc,0,0,0,2,0,0,0,0,0,0,0,0,0,2
10700 < 10800,RRab,0,0,2,0,0,0,0,0,0,0,0,1,0,3
10700 < 10800,RRc,0,0,0,2,0,0,0,0,0,0,0,0,0,2
10900 < 11000,RRab,0,0,1,0,0,0,0,0,0,0,0,0,0,1
10900 < 11000,RRc,0,0,0,4,0,0,0,0,0,0,0,0,0,4
1100 < 1200,Mira,96,0,0,0,0,0,0,0,0,0,0,0,0,96
1100 < 1200,OSARG,0,215,0,1,0,12,0,0,0,0,1,0,0,229
1100 < 1200,RRab,0,0,15,0,0,0,0,0,1,1,0,0,0,17
1100 < 1200,RRc,0,1,0,17,0,0,0,0,1,0,0,1,0,20
1100 < 1200,SRV,3,20,0,0,0,176,0,0,0,0,0,1,3,203
1100 < 1200,clasCep,0,0,0,0,0,0,5,0,0,0,0,0,0,5
1100 < 1200,contactBinary,0,0,0,4,0,0,0,0,4,0,0,0,0,8
1100 < 1200,detachedBinary,0,0,2,2,0,0,0,0,5,3,0,0,0,12
1100 < 1200,dsct,0,0,0,0,0,0,0,0,0,0,123,0,0,123
1100 < 1200,t2Cep,0,0,0,0,0,0,0,0,0,0,0,12,0,12
11000 < 11100,RRab,0,0,1,0,0,0,0,0,0,0,0,0,0,1
11000 < 11100,RRc,0,0,0,3,0,0,0,0,0,0,0,0,0,3
11100 < 11200,RRab,0,0,5,0,0,0,0,0,0,0,0,1,0,6
11100 < 11200,RRc,0,0,0,2,0,0,0,0,0,0,0,3,0,5
11200 < 11300,RRab,0,0,4,0,0,0,0,0,0,0,0,0,0,4
11200 < 11300,RRc,0,0,0,1,0,0,0,0,0,0,0,0,0,1
11300 < 11400,RRab,0,0,0,0,0,0,0,0,0,0,0,1,0,1
11300 < 11400,RRc,0,0,0,1,0,0,0,0,0,0,0,0,0,1
11400 < 11500,RRab,0,0,3,0,0,0,0,0,0,0,0,0,0,3
11400 < 11500,RRc,0,0,0,3,0,0,0,0,0,0,0,0,0,3
11500 < 11600,RRc,0,0,0,1,0,0,0,0,0,0,0,0,0,1
11600 < 11700,RRab,0,0,3,0,0,0,0,0,0,0,0,0,0,3
11600 < 11700,RRc,0,0,0,0,0,1,0,0,0,0,0,1,0,2
11600 < 11700,t2Cep,0,0,0,0,0,0,0,0,0,0,0,3,0,3
11700 < 11800,RRab,0,0,5,0,0,0,0,0,0,0,0,1,0,6
11700 < 11800,RRc,0,0,1,7,0,0,0,0,0,0,0,0,0,8
11700 < 11800,t2Cep,0,0,0,0,0,0,0,0,0,0,0,3,0,3
11900 < 12000,RRab,0,0,3,0,0,0,0,0,0,0,0,2,0,5
1200 < 1300,Mira,67,0,0,2,0,0,0,0,0,0,0,0,0,69
1200 < 1300,OSARG,0,80,0,1,0,4,0,0,0,0,1,2,0,88
1200 < 1300,RRab,0,0,12,2,0,0,1,0,1,0,0,1,0,17
1200 < 1300,RRc,0,0,0,14,0,0,0,0,2,0,0,0,0,16
1200 < 1300,RRd,0,0,0,0,0,0,0,0,3,0,0,0,0,3
1200 < 1300,SRV,0,2,0,0,0,67,0,0,0,0,0,1,0,70
1200 < 1300,contactBinary,0,0,0,1,0,0,0,0,6,1,0,0,0,8
1200 < 1300,detachedBinary,0,0,0,1,0,0,0,0,2,6,0,0,0,9
1200 < 1300,dsct,0,0,0,0,0,0,0,2,0,1,75,0,0,78
1200 < 1300,t2Cep,0,0,0,0,0,0,0,0,0,0,0,9,0,9
1200 < 1300,t2RVTau,0,0,0,0,0,0,0,0,0,0,0,0,3,3
12000 < 12100,RRab,0,0,2,0,0,0,0,0,0,0,0,2,0,4
12000 < 12100,RRc,0,0,3,5,0,0,0,0,0,0,0,0,0,8
12000 < 12100,contactBinary,0,0,0,2,0,0,0,0,0,0,0,0,0,2
12100 < 12200,RRab,0,0,5,0,0,0,0,0,0,0,0,0,0,5
12100 < 12200,RRc,0,0,0,6,0,0,0,0,0,0,0,0,0,6
12200 < 12300,RRab,0,0,2,0,0,0,0,0,0,0,0,0,0,2
12200 < 12300,RRc,0,0,1,10,0,0,0,0,0,0,0,0,0,11
12300 < 12400,RRab,0,0,5,0,1,0,0,0,0,0,0,0,0,6
12300 < 12400,RRc,0,0,0,4,0,0,0,0,0,0,0,0,0,4
12400 < 12500,RRab,0,0,3,2,1,0,0,0,0,0,0,1,0,7
12400 < 12500,RRc,0,0,0,10,1,0,0,0,0,0,0,0,0,11
12400 < 12500,RRd,0,0,0,0,3,0,0,0,0,0,0,0,0,3
12500 < 12600,RRab,0,0,9,3,0,0,0,0,0,0,0,1,0,13
12500 < 12600,RRc,0,0,0,13,0,0,0,0,0,0,0,0,0,13
12500 < 12600,contactBinary,0,0,0,1,0,0,0,0,0,0,0,0,0,1
12600 < 12700,RRab,0,0,7,5,2,0,0,0,0,0,0,1,0,15
12600 < 12700,RRc,0,0,0,26,0,0,0,0,0,0,0,1,0,27
12600 < 12700,t2Cep,0,0,0,0,0,0,0,0,0,0,0,9,0,9
12700 < 12800,RRab,0,0,73,4,1,0,0,0,0,1,0,6,0,85
12700 < 12800,RRc,0,0,7,111,7,0,0,0,0,0,0,0,0,125
12700 < 12800,RRd,0,0,0,0,6,0,0,0,0,0,0,0,0,6
12700 < 12800,clasCep,0,0,1,0,0,0,2,0,0,0,0,0,0,3
12700 < 12800,t2Cep,0,0,0,0,0,0,0,0,0,0,0,12,0,12
12800 < 12900,RRab,0,0,3,0,0,0,0,0,0,0,0,0,1,4
12900 < 13000,RRab,0,0,0,1,0,0,0,0,0,0,0,2,0,3
12900 < 13000,RRc,0,0,0,6,0,0,0,0,0,0,0,0,0,6
1300 < 1400,Mira,635,0,0,0,0,7,0,0,0,0,0,0,0,642
1300 < 1400,OSARG,0,634,0,0,0,86,0,0,0,0,0,0,0,720
1300 < 1400,RRab,0,0,22,7,1,0,0,0,0,0,0,2,0,32
1300 < 1400,RRc,0,0,1,59,0,0,0,0,0,0,0,0,0,60
1300 < 1400,SRV,15,42,0,0,0,701,0,0,0,0,0,0,0,758
1300 < 1400,clasOvertoneCep,0,0,0,0,0,0,0,3,0,0,0,0,0,3
1300 < 1400,contactBinary,0,0,1,1,0,0,0,0,51,9,0,0,0,62
1300 < 1400,detachedBinary,0,0,2,4,0,0,0,0,22,31,0,0,0,59
1300 < 1400,dsct,0,0,0,0,0,0,0,0,0,0,51,0,0,51
1300 < 1400,t2Cep,0,0,0,0,0,0,0,0,0,0,0,7,0,7
1300 < 1400,t2RVTau,0,0,0,0,0,0,0,0,0,0,0,0,6,6
13000 < 13100,RRab,0,0,3,2,0,0,0,0,0,0,0,0,0,5
13000 < 13100,RRc,0,0,0,5,0,0,0,0,0,0,0,0,0,5
13100 < 13200,RRab,0,0,8,1,1,0,0,0,1,0,0,2,2,15
13100 < 13200,RRc,0,0,0,18,0,0,0,0,0,0,0,2,0,20
13100 < 13200,t2Cep,0,0,0,0,0,0,0,0,0,0,0,3,0,3
13200 < 13300,RRab,0,0,5,0,0,0,0,0,1,0,0,1,0,7
13200 < 13300,RRc,0,0,0,4,0,0,0,0,0,0,0,0,0,4
13200 < 13300,t2Cep,0,0,0,0,0,0,0,0,0,0,0,3,0,3
13300 < 13400,RRab,0,0,8,2,0,0,0,0,0,0,0,0,0,10
13300 < 13400,RRc,0,0,0,5,0,0,0,0,0,0,0,1,0,6
13400 < 13500,RRab,0,0,1,0,0,0,0,0,1,0,0,0,0,2
13400 < 13500,RRc,0,0,0,8,1,0,0,0,0,0,0,0,0,9
13400 < 13500,t2Cep,0,0,0,0,0,0,0,0,0,0,0,3,0,3
13500 < 13600,RRab,0,0,5,1,0,0,0,0,0,0,0,2,0,8
13500 < 13600,RRc,0,0,1,12,0,0,0,0,0,0,0,1,0,14
13500 < 13600,t2Cep,0,0,0,0,0,0,0,0,0,0,0,2,1,3
13600 < 13700,RRab,0,0,18,2,0,1,0,0,0,0,0,2,0,23
13600 < 13700,RRc,0,0,0,22,0,0,0,0,0,0,0,0,0,22
13600 < 13700,t2Cep,0,0,0,0,0,0,0,0,0,0,0,6,0,6
13700 < 13800,RRab,0,0,39,9,0,0,0,0,0,0,0,4,0,52
13700 < 13800,RRc,0,0,0,41,0,0,0,0,0,0,0,0,0,41
13700 < 13800,RRd,0,0,0,0,3,0,0,0,0,0,0,0,0,3
13700 < 13800,t2Cep,0,0,0,0,0,0,0,0,0,0,0,12,0,12
13800 < 13900,RRab,0,0,243,46,1,0,0,0,0,0,0,6,0,296
13800 < 13900,RRc,0,0,9,221,2,0,0,0,0,1,0,1,0,234
13800 < 13900,RRd,0,0,0,0,15,0,0,0,0,0,0,0,0,15
13800 < 13900,clasOvertoneCep,0,0,0,0,0,0,0,3,0,0,0,0,0,3
13800 < 13900,t2Cep,0,0,0,0,0,0,0,0,0,0,0,90,0,90
13800 < 13900,t2RVTau,0,0,0,0,0,0,0,0,0,0,0,0,6,6
13900 < 14000,RRab,0,0,2,0,0,0,0,0,0,0,0,1,0,3
13900 < 14000,RRc,0,0,0,3,0,0,0,0,0,0,0,1,0,4
13900 < 14000,t2RVTau,0,0,0,1,0,0,0,0,0,0,0,0,2,3
1400 < 1500,Mira,457,0,0,0,0,5,0,0,0,0,0,0,0,462
1400 < 1500,OSARG,0,790,0,0,0,78,0,0,0,0,0,0,0,868
1400 < 1500,RRab,0,0,91,11,2,0,1,0,2,0,0,1,0,108
1400 < 1500,RRc,0,0,0,133,4,0,0,0,0,0,0,0,0,137
1400 < 1500,RRd,0,0,0,0,9,0,0,0,0,0,0,0,0,9
1400 < 1500,SRV,5,25,0,0,0,639,0,0,0,0,0,0,0,669
1400 < 1500,contactBinary,0,0,0,9,0,0,0,0,213,63,0,0,0,285
1400 < 1500,detachedBinary,0,1,1,3,0,1,0,0,77,232,0,0,2,317
1400 < 1500,dsct,0,0,0,0,0,0,0,0,0,0,48,0,0,48
1400 < 1500,t2Cep,0,0,0,0,0,0,0,0,0,0,0,12,0,12
1400 < 1500,t2RVTau,0,0,0,0,0,0,0,0,0,0,0,0,3,3
14000 < 14100,RRab,0,0,5,0,0,0,0,0,0,0,0,0,0,5
14000 < 14100,RRc,0,0,0,1,0,0,0,0,0,0,0,0,0,1
14100 < 14200,RRab,0,0,3,0,0,0,0,0,0,0,0,0,0,3
14100 < 14200,RRc,0,0,0,0,0,0,0,0,0,0,0,1,0,1
14200 < 14300,RRab,0,0,5,1,0,0,0,0,0,0,0,1,0,7
14200 < 14300,RRc,0,0,0,5,0,0,0,0,0,0,0,1,0,6
14200 < 14300,t2RVTau,0,0,0,0,0,0,0,0,0,0,0,0,3,3
14300 < 14400,RRab,0,0,3,2,0,1,0,0,0,0,0,2,0,8
14300 < 14400,RRc,0,0,0,9,0,1,0,0,0,0,0,0,0,10
14400 < 14500,RRab,0,0,4,0,0,0,0,0,0,0,0,2,0,6
14400 < 14500,RRc,0,0,0,4,0,0,0,0,0,0,0,0,0,4
14400 < 14500,t2Cep,0,0,0,0,0,0,0,0,0,0,0,3,0,3
14500 < 14600,RRab,0,0,0,1,0,0,0,0,0,0,0,0,0,1
14500 < 14600,RRc,0,0,0,1,0,0,0,0,0,0,0,0,0,1
14500 < 14600,t2Cep,0,0,0,0,0,0,0,0,0,0,0,3,0,3
14500 < 14600,t2RVTau,0,0,0,0,0,0,0,0,0,0,0,0,3,3
14600 < 14700,RRab,0,0,2,1,0,0,0,0,0,0,0,1,0,4
14600 < 14700,RRc,0,0,0,5,0,0,0,0,0,0,0,0,0,5
14600 < 14700,t2Cep,0,0,0,0,0,0,0,0,0,0,0,3,0,3
14700 < 14800,RRab,0,0,4,0,0,0,0,0,0,0,0,0,0,4
14700 < 14800,RRc,0,0,0,6,0,0,0,0,0,0,0,0,0,6
14800 < 14900,RRab,0,0,18,1,0,0,0,0,0,0,0,2,0,21
14800 < 14900,RRc,0,0,0,16,0,0,0,0,0,0,0,0,0,16
14800 < 14900,t2Cep,0,0,0,0,0,0,0,0,0,0,0,3,0,3
14900 < 15000,RRab,0,0,119,13,0,0,0,0,0,0,0,13,0,145
14900 < 15000,RRc,0,0,1,173,0,0,0,0,0,0,0,1,0,175
14900 < 15000,clasOvertoneCep,0,0,0,1,0,0,0,2,0,0,0,0,0,3
14900 < 15000,t2Cep,0,0,0,0,0,0,0,0,0,0,0,24,0,24
1500 < 1600,Mira,24,0,0,0,0,0,0,0,0,0,0,0,0,24
1500 < 1600,OSARG,0,10,0,2,0,0,0,1,0,0,0,0,0,13
1500 < 1600,RRab,0,0,151,33,3,0,0,1,3,1,0,7,0,199
1500 < 1600,RRc,0,0,6,311,5,0,0,0,0,1,0,0,0,323
1500 < 1600,RRd,0,0,0,2,13,0,0,0,0,0,0,0,0,15
1500 < 1600,SRV,0,2,0,0,0,17,0,0,0,0,0,0,0,19
1500 < 1600,clasCep,0,0,0,2,0,0,1,0,0,0,0,0,0,3
1500 < 1600,contactBinary,0,0,1,0,0,0,0,0,1,0,1,0,0,3
1500 < 1600,detachedBinary,0,0,0,1,0,0,0,0,1,1,1,0,0,4
1500 < 1600,dsct,0,0,0,0,0,0,0,0,0,0,36,0,0,36
1500 < 1600,t2Cep,0,0,1,0,0,0,0,0,0,0,0,41,0,42
1500 < 1600,t2RVTau,0,0,0,0,0,0,0,0,0,0,0,0,9,9
15000 < 15100,RRab,0,0,21,2,0,0,0,0,0,0,0,0,0,23
15000 < 15100,RRc,0,0,0,16,0,0,0,0,0,0,0,0,0,16
15000 < 15100,clasOvertoneCep,0,0,0,3,0,0,0,0,0,0,0,0,0,3
15000 < 15100,t2Cep,0,0,0,0,0,0,0,0,0,0,0,9,0,9
15000 < 15100,t2RVTau,0,0,0,0,0,0,0,0,0,0,0,0,3,3
1600 < 1700,Mira,30,0,0,0,0,0,0,0,0,0,0,0,0,30
1600 < 1700,OSARG,0,56,0,0,0,9,0,0,0,0,0,0,0,65
1600 < 1700,RRab,0,0,157,29,2,0,0,0,10,3,0,3,0,204
1600 < 1700,RRc,0,0,8,208,7,0,0,0,3,2,0,0,0,228
1600 < 1700,RRd,0,0,0,0,18,0,0,0,0,0,0,0,0,18
1600 < 1700,SRV,1,3,0,0,0,27,0,0,0,0,0,0,1,32
1600 < 1700,clasOvertoneCep,0,0,0,2,0,0,0,1,1,2,0,0,0,6
1600 < 1700,detachedBinary,0,0,1,0,0,0,0,0,0,0,0,0,0,1
1600 < 1700,dsct,0,0,0,0,0,0,0,0,0,0,3,0,0,3
1600 < 1700,t2Cep,0,0,0,0,0,0,0,0,2,0,0,25,0,27
1600 < 1700,t2RVTau,0,0,0,0,0,0,0,0,0,0,0,0,6,6
1700 < 1800,Mira,108,0,0,0,0,0,3,0,0,0,0,0,0,111
1700 < 1800,OSARG,0,213,0,0,0,30,0,0,0,0,0,0,0,243
1700 < 1800,RRab,0,0,118,16,3,0,0,0,1,1,0,3,0,142
1700 < 1800,RRc,0,0,8,150,7,0,0,0,1,0,0,1,0,167
1700 < 1800,RRd,0,0,0,0,9,0,0,0,0,0,0,0,0,9
1700 < 1800,SRV,2,27,0,0,0,168,0,0,0,0,0,0,1,198
1700 < 1800,clasOvertoneCep,0,0,0,2,0,0,0,7,0,0,0,0,0,9
1700 < 1800,detachedBinary,0,0,0,1,0,0,0,0,0,0,0,0,0,1
1700 < 1800,dsct,0,0,0,0,0,0,0,0,0,0,3,0,0,3
1700 < 1800,t2Cep,0,0,1,0,0,0,0,0,0,0,0,26,0,27
1700 < 1800,t2RVTau,0,0,0,0,0,0,0,0,0,0,0,0,6,6
1800 < 1900,Mira,18,0,0,0,0,0,0,0,0,0,0,0,0,18
1800 < 1900,OSARG,0,45,0,0,1,8,0,0,0,0,0,0,0,54
1800 < 1900,RRab,0,0,134,35,2,0,0,0,4,0,0,14,0,189
1800 < 1900,RRc,0,0,12,166,6,0,0,1,2,0,0,2,0,189
1800 < 1900,RRd,0,0,0,0,6,0,0,0,0,0,0,0,0,6
1800 < 1900,SRV,0,5,0,0,0,33,0,0,0,0,0,0,1,39
1800 < 1900,clasOvertoneCep,0,0,0,2,0,0,0,1,0,0,0,0,0,3
1800 < 1900,detachedBinary,0,0,0,0,0,0,0,0,1,1,0,0,0,2
1800 < 1900,dsct,0,0,0,0,0,0,0,0,0,0,3,0,0,3
1800 < 1900,t2Cep,0,0,0,3,0,0,0,0,0,0,0,30,0,33
1800 < 1900,t2RVTau,0,0,0,0,0,0,0,0,0,0,0,0,12,12
1900 < 2000,Mira,15,0,0,0,0,0,0,0,0,0,0,0,0,15
1900 < 2000,OSARG,0,8,0,1,0,2,0,0,0,0,1,0,0,12
1900 < 2000,RRab,0,0,310,71,9,0,0,0,1,0,0,4,0,395
1900 < 2000,RRc,0,0,20,433,11,0,0,0,2,0,0,10,0,476
1900 < 2000,RRd,0,0,3,0,33,0,0,0,0,0,0,0,0,36
1900 < 2000,SRV,0,3,0,0,0,9,0,0,0,0,0,0,0,12
1900 < 2000,clasCep,0,0,3,3,0,0,3,0,0,0,0,0,0,9
1900 < 2000,contactBinary,0,0,0,0,0,0,0,0,1,0,0,0,0,1
1900 < 2000,dsct,0,0,0,0,0,0,0,0,0,0,3,0,0,3
1900 < 2000,t2Cep,0,0,2,0,0,0,0,0,0,0,0,70,0,72
1900 < 2000,t2RVTau,0,0,0,0,0,0,0,0,0,0,0,0,24,24
200 < 300,Mira,3538,2,1,0,0,2,16,0,27,9,2,61,168,3826
200 < 300,OSARG,1,721,2,2,0,107,1,0,23,3,4,2,0,866
200 < 300,RRab,23,55,606,90,16,18,1300,88,878,12,4,2959,11,6060
200 < 300,RRc,18,20,140,618,11,4,574,111,3132,23,7,1610,3,6271
200 < 300,RRd,7,0,33,0,32,3,149,13,78,1,0,279,0,595
200 < 300,SRV,183,122,5,7,0,1199,97,96,809,43,1,1046,208,3816
200 < 300,clasCep,0,0,3,3,0,3,523,60,27,0,5,42,3,669
200 < 300,clasOvertoneCep,0,0,0,9,0,0,7,364,25,0,0,5,0,410
200 < 300,contactBinary,7,7,29,38,2,1,61,71,6119,341,8,318,15,7017
200 < 300,detachedBinary,20,15,13,13,1,6,13,18,3510,1957,3,117,13,5699
200 < 300,dsct,4,22,92,57,36,0,326,370,2510,35,25,436,8,3921
200 < 300,t2Cep,0,0,8,1,0,0,10,0,49,2,0,622,12,704
200 < 300,t2RVTau,0,0,0,0,0,0,0,0,1,0,0,4,105,110
2000 < 2100,Mira,12,0,0,0,0,1,0,0,0,1,1,0,0,15
2000 < 2100,OSARG,0,10,0,3,0,0,0,0,0,0,1,0,0,14
2000 < 2100,RRab,0,0,48,10,0,0,0,0,0,0,0,3,0,61
2000 < 2100,RRc,0,0,1,87,2,0,0,0,0,0,0,1,0,91
2000 < 2100,RRd,0,0,0,3,3,0,0,0,0,0,0,0,0,6
2000 < 2100,SRV,0,2,0,1,0,5,0,0,0,0,0,0,0,8
2000 < 2100,contactBinary,0,0,0,0,0,0,0,0,1,1,0,0,0,2
2000 < 2100,detachedBinary,0,0,0,0,0,0,0,0,1,0,0,0,0,1
2000 < 2100,dsct,0,0,0,0,0,0,0,0,0,0,3,0,0,3
2000 < 2100,t2Cep,0,0,0,0,0,0,0,0,0,0,0,9,0,9
2000 < 2100,t2RVTau,0,0,0,0,0,0,0,0,0,0,0,0,6,6
2100 < 2200,Mira,25,0,2,0,0,3,0,0,0,0,0,0,0,30
2100 < 2200,OSARG,1,8,0,0,0,1,0,1,0,0,0,0,0,11
2100 < 2200,RRab,0,0,2,1,0,0,0,0,0,0,0,0,0,3
2100 < 2200,RRc,0,0,0,1,0,0,0,0,0,0,0,1,0,2
2100 < 2200,SRV,0,1,0,1,0,1,0,0,0,0,0,1,0,4
2100 < 2200,contactBinary,0,0,0,1,0,0,0,0,0,0,0,0,0,1
2100 < 2200,detachedBinary,0,0,0,0,0,0,0,0,0,1,0,0,0,1
2100 < 2200,t2RVTau,0,0,0,0,0,0,0,0,0,0,0,0,3,3
2200 < 2300,Mira,21,0,0,0,0,3,0,0,0,0,0,0,0,24
2200 < 2300,OSARG,0,15,0,0,0,1,0,0,0,0,0,0,0,16
2200 < 2300,RRab,0,0,1,0,0,0,0,0,0,0,0,0,0,1
2200 < 2300,RRc,0,0,0,4,0,0,0,0,0,0,0,0,0,4
2200 < 2300,SRV,0,6,0,0,0,2,0,0,0,0,0,0,0,8
2200 < 2300,contactBinary,0,0,0,1,0,0,0,0,0,0,0,0,0,1
2200 < 2300,detachedBinary,0,0,0,0,0,0,0,0,0,1,0,0,0,1
2300 < 2400,Mira,110,21,0,0,0,16,0,0,0,0,0,0,0,147
2300 < 2400,OSARG,4,206,0,1,0,17,0,0,0,0,0,0,0,228
2300 < 2400,RRab,0,0,2,0,0,0,0,0,0,0,0,0,0,2
2300 < 2400,RRc,0,0,0,4,0,0,0,0,0,0,0,0,0,4
2300 < 2400,SRV,12,146,0,0,0,126,0,0,0,0,0,0,0,284
2300 < 2400,clasCep,0,0,0,0,0,1,2,0,0,0,0,0,0,3
2300 < 2400,detachedBinary,0,0,0,0,0,0,0,0,0,1,0,0,0,1
2400 < 2500,Mira,6,0,0,0,0,0,0,0,0,0,0,0,0,6
2400 < 2500,OSARG,0,12,0,0,0,1,0,0,0,0,0,0,0,13
2400 < 2500,RRab,0,0,3,0,0,0,0,0,0,0,0,0,0,3
2400 < 2500,RRc,0,0,0,5,0,0,0,0,0,0,0,0,0,5
2400 < 2500,SRV,2,0,0,0,0,5,0,0,0,0,0,0,0,7
2400 < 2500,detachedBinary,0,0,0,0,0,0,0,0,1,0,0,0,0,1
2500 < 2600,Mira,6,0,0,0,0,0,0,0,0,0,0,0,0,6
2500 < 2600,OSARG,0,19,0,1,0,1,0,0,0,0,0,0,0,21
2500 < 2600,RRab,0,0,6,0,0,0,0,0,0,0,0,0,0,6
2500 < 2600,RRc,0,0,0,12,0,0,0,0,0,0,0,0,0,12
2500 < 2600,SRV,0,4,0,0,0,10,0,0,0,0,0,0,0,14
2500 < 2600,contactBinary,0,0,1,0,0,0,0,0,0,0,0,0,0,1
2500 < 2600,detachedBinary,0,0,0,0,0,0,0,0,0,1,0,0,0,1
2600 < 2700,Mira,24,0,0,0,0,0,0,0,0,0,0,0,0,24
2600 < 2700,OSARG,0,40,0,0,0,1,0,0,0,0,0,0,0,41
2600 < 2700,RRab,0,0,1,0,0,0,0,0,0,0,0,0,0,1
2600 < 2700,RRc,0,0,0,2,0,0,0,0,0,0,0,0,0,2
2600 < 2700,SRV,0,2,0,0,0,17,0,0,0,0,0,0,0,19
2600 < 2700,contactBinary,0,0,1,0,0,0,0,0,1,0,0,0,0,2
2600 < 2700,detachedBinary,0,0,0,0,0,0,0,0,0,3,0,0,0,3
2600 < 2700,t2Cep,0,0,0,0,0,0,0,0,0,0,0,3,0,3
2600 < 2700,t2RVTau,0,0,0,0,0,0,0,0,0,0,0,0,3,3
2700 < 2800,Mira,326,0,0,0,0,4,0,0,0,0,0,0,0,330
2700 < 2800,OSARG,0,522,0,0,0,41,0,0,0,0,0,0,0,563
2700 < 2800,RRab,0,0,2,1,0,0,1,0,0,0,0,0,0,4
2700 < 2800,RRc,0,0,1,3,0,0,0,0,0,0,0,0,0,4
2700 < 2800,SRV,5,25,0,0,0,403,0,0,0,0,0,0,2,435
2700 < 2800,contactBinary,0,0,1,0,0,0,0,0,4,0,0,1,0,6
2700 < 2800,detachedBinary,0,0,0,0,0,0,0,0,0,2,0,0,0,2
2800 < 2900,Mira,13,0,0,0,0,2,0,0,0,0,0,0,0,15
2800 < 2900,OSARG,0,15,0,0,0,2,0,0,0,0,0,0,0,17
2800 < 2900,RRab,0,0,4,0,0,0,0,0,0,0,0,0,0,4
2800 < 2900,RRc,0,0,1,0,0,0,0,0,0,0,0,0,0,1
2800 < 2900,SRV,0,4,0,0,0,5,0,0,0,0,0,0,0,9
2800 < 2900,contactBinary,0,0,1,0,0,0,0,0,0,0,0,0,0,1
2800 < 2900,detachedBinary,0,0,0,1,0,0,0,0,1,0,0,0,0,2
2900 < 3000,Mira,15,0,0,0,0,0,0,0,0,0,0,0,0,15
2900 < 3000,OSARG,0,68,0,0,0,3,0,0,0,0,0,0,0,71
2900 < 3000,RRab,0,1,3,0,0,0,0,0,0,0,0,0,0,4
2900 < 3000,RRc,0,0,0,1,0,0,0,0,0,0,0,0,0,1
2900 < 3000,SRV,0,3,0,0,0,31,0,0,0,0,0,0,0,34
2900 < 3000,detachedBinary,0,0,0,0,0,0,0,0,1,2,0,0,0,3
2900 < 3000,t2Cep,0,0,0,0,0,0,0,0,0,0,0,3,0,3
300 < 400,Mira,2692,0,1,0,0,1,25,0,37,13,18,107,30,2924
300 < 400,OSARG,0,1787,1,3,0,194,1,2,5,3,2,1,0,1999
300 < 400,RRab,10,1,488,88,20,2,496,51,177,3,12,612,3,1963
300 < 400,RRc,5,1,68,475,16,0,191,96,669,10,9,290,4,1834
300 < 400,RRd,5,0,16,0,21,0,38,5,28,0,3,68,2,186
300 < 400,SRV,137,133,4,4,1,2029,82,87,458,33,4,617,81,3670
300 < 400,clasCep,0,0,5,0,0,0,562,42,14,0,0,17,0,640
300 < 400,clasOvertoneCep,0,2,0,7,1,0,3,312,4,0,0,4,0,333
300 < 400,contactBinary,5,6,5,24,1,0,30,82,2808,291,19,87,6,3364
300 < 400,detachedBinary,3,5,7,6,0,5,23,25,1581,1666,12,48,13,3394
300 < 400,dsct,4,9,21,25,12,0,167,288,753,13,213,122,2,1629
300 < 400,t2Cep,0,0,2,2,0,0,6,0,11,2,0,435,10,468
300 < 400,t2RVTau,3,0,0,0,0,0,0,0,0,0,0,3,84,90
3000 < 3100,RRab,0,0,1,0,0,0,0,0,0,0,0,0,0,1
3000 < 3100,contactBinary,0,0,0,1,0,0,0,0,3,1,0,2,0,7
3000 < 3100,detachedBinary,0,0,1,0,0,0,0,0,2,1,0,0,0,4
3100 < 3200,RRab,0,0,5,0,0,0,0,0,0,0,0,0,0,5
3100 < 3200,RRc,0,0,0,1,0,0,0,0,0,0,0,0,0,1
3100 < 3200,contactBinary,0,0,0,0,0,0,0,0,1,0,0,0,0,1
3100 < 3200,detachedBinary,0,0,0,0,0,0,0,0,0,1,0,0,0,1
3200 < 3300,RRab,0,0,5,0,0,0,0,0,0,0,0,0,0,5
3200 < 3300,RRc,0,0,0,3,0,0,0,0,0,0,0,0,0,3
3200 < 3300,contactBinary,0,0,0,0,0,0,0,0,0,1,0,0,0,1
3200 < 3300,detachedBinary,0,0,1,0,0,0,0,0,1,3,0,0,0,5
3300 < 3400,RRab,0,0,3,1,0,0,0,0,0,0,0,0,0,4
3300 < 3400,RRc,0,0,1,3,0,0,0,0,0,0,0,0,0,4
3300 < 3400,contactBinary,0,0,0,0,0,0,0,0,0,2,0,0,0,2
3300 < 3400,detachedBinary,0,0,1,0,0,0,0,0,0,3,0,1,0,5
3300 < 3400,t2RVTau,0,0,0,0,0,0,0,0,0,0,0,0,3,3
3400 < 3500,RRab,0,0,1,0,0,0,0,0,0,0,0,0,0,1
3400 < 3500,detachedBinary,0,0,0,1,0,0,0,0,0,2,0,0,0,3
3500 < 3600,RRab,0,0,2,3,0,0,0,0,0,0,0,0,0,5
3500 < 3600,RRc,0,0,1,1,0,0,0,0,1,0,0,0,0,3
3500 < 3600,contactBinary,0,0,0,0,0,0,0,0,0,1,0,0,0,1
3500 < 3600,detachedBinary,0,0,0,0,0,0,0,0,3,3,0,0,0,6
3500 < 3600,t2Cep,0,0,0,0,0,0,0,0,0,0,0,3,0,3
3600 < 3700,RRab,0,0,1,0,0,0,0,0,0,0,0,0,0,1
3600 < 3700,RRc,0,0,0,1,0,0,0,0,0,0,0,0,0,1
3600 < 3700,detachedBinary,0,0,0,0,0,0,0,0,0,1,0,0,0,1
3600 < 3700,t2Cep,0,0,0,0,0,0,0,0,0,0,0,6,0,6
3700 < 3800,RRab,0,0,5,1,0,0,0,0,0,0,0,0,0,6
3700 < 3800,RRc,0,0,0,11,0,0,0,0,0,0,0,0,0,11
3700 < 3800,contactBinary,0,0,0,0,0,0,0,0,1,2,0,1,0,4
3700 < 3800,detachedBinary,0,0,2,0,0,0,0,0,4,4,0,0,0,10
3800 < 3900,RRab,0,0,2,0,0,0,0,0,0,1,0,1,0,4
3800 < 3900,RRc,0,0,0,5,0,0,0,0,0,0,0,0,0,5
3800 < 3900,contactBinary,0,0,1,1,0,0,0,0,4,1,0,0,0,7
3800 < 3900,detachedBinary,0,0,1,0,0,0,0,0,1,4,0,0,0,6
3900 < 4000,RRab,0,0,2,1,0,0,0,0,0,0,0,0,0,3
3900 < 4000,RRc,0,0,0,5,0,0,0,0,0,0,0,0,0,5
3900 < 4000,contactBinary,0,0,0,0,0,0,0,0,11,4,0,0,0,15
3900 < 4000,detachedBinary,0,0,0,0,0,0,0,0,1,4,0,0,0,5
400 < 500,Mira,912,0,0,0,0,3,5,0,14,1,26,33,9,1003
400 < 500,OSARG,0,231,0,0,1,29,0,0,5,0,1,1,0,268
400 < 500,RRab,3,0,904,141,20,0,238,32,146,4,28,752,0,2268
400 < 500,RRc,2,2,126,943,32,0,163,58,526,15,24,334,0,2225
400 < 500,RRd,3,0,17,0,44,0,12,3,21,0,4,97,0,201
400 < 500,SRV,46,26,7,2,1,350,8,58,85,16,7,173,17,796
400 < 500,clasCep,2,0,5,1,0,1,2811,264,1,0,0,18,0,3103
400 < 500,clasOvertoneCep,0,0,0,8,0,0,43,2271,0,0,2,3,0,2327
400 < 500,contactBinary,1,2,14,37,1,0,18,57,2440,430,37,84,1,3122
400 < 500,detachedBinary,2,11,9,12,0,11,8,42,998,1907,16,44,1,3061
400 < 500,dsct,1,3,64,40,6,0,92,549,302,16,4077,114,0,5264
400 < 500,t2Cep,1,0,12,6,0,0,29,6,5,0,0,496,0,555
400 < 500,t2RVTau,0,0,0,0,0,0,0,0,0,0,0,0,39,39
4000 < 4100,RRab,0,0,3,0,0,0,0,0,0,0,0,0,0,3
4000 < 4100,RRc,0,0,0,2,0,0,0,0,0,2,0,0,0,4
4000 < 4100,contactBinary,0,0,2,0,0,0,0,0,2,1,0,0,0,5
4000 < 4100,detachedBinary,0,0,1,3,0,0,0,0,0,7,0,1,0,12
4100 < 4200,RRab,0,0,3,1,1,0,0,0,0,1,0,0,0,6
4100 < 4200,RRc,0,0,0,5,0,0,0,0,0,0,0,0,0,5
4100 < 4200,contactBinary,0,0,0,0,0,0,0,0,1,1,0,0,0,2
4100 < 4200,detachedBinary,0,0,1,2,0,0,0,0,0,7,0,0,0,10
4100 < 4200,t2RVTau,0,0,0,0,0,0,0,0,0,0,0,0,3,3
4200 < 4300,RRab,0,0,3,0,0,0,1,0,0,0,0,0,0,4
4200 < 4300,RRc,0,0,0,2,0,0,0,0,0,0,0,0,0,2
4200 < 4300,contactBinary,0,0,0,2,0,0,0,0,3,5,0,1,0,11
4200 < 4300,detachedBinary,0,0,1,1,0,0,0,0,3,12,0,1,0,18
4300 < 4400,RRab,0,0,2,3,0,0,0,0,0,0,0,1,0,6
4300 < 4400,RRc,0,0,0,4,0,0,0,0,0,0,0,0,0,4
4300 < 4400,contactBinary,0,0,1,1,0,0,0,0,5,1,0,2,0,10
4300 < 4400,detachedBinary,0,0,1,1,0,0,0,0,1,4,0,2,0,9
4300 < 4400,t2Cep,1,0,0,0,0,0,0,0,0,0,0,2,0,3
4400 < 4500,RRab,0,0,1,0,0,0,0,0,0,0,0,0,0,1
4400 < 4500,RRc,0,0,0,7,0,0,0,0,0,0,0,0,0,7
4400 < 4500,RRd,0,0,0,0,3,0,0,0,0,0,0,0,0,3
4400 < 4500,contactBinary,0,0,0,1,0,0,0,0,13,5,0,0,0,19
4400 < 4500,detachedBinary,0,0,2,1,0,0,0,0,12,27,0,1,0,43
4500 < 4600,RRab,0,0,6,0,0,0,0,0,0,0,0,0,0,6
4500 < 4600,RRc,0,0,0,6,0,0,0,1,0,0,0,0,0,7
4500 < 4600,contactBinary,0,0,4,3,0,0,0,0,15,9,0,2,0,33
4500 < 4600,detachedBinary,0,0,3,4,0,0,0,0,16,25,0,1,0,49
4500 < 4600,t2Cep,0,0,0,0,0,0,0,0,0,0,0,3,0,3
4600 < 4700,RRab,0,0,7,0,0,0,0,0,0,0,0,0,0,7
4600 < 4700,RRc,0,0,0,1,0,0,0,0,0,0,0,0,0,1
4600 < 4700,contactBinary,0,0,0,0,0,0,0,0,20,10,0,0,1,31
4600 < 4700,detachedBinary,0,0,2,4,0,0,0,0,13,27,0,1,0,47
4700 < 4800,RRab,0,0,2,0,0,0,0,0,0,0,0,0,0,2
4700 < 4800,RRc,0,0,0,4,0,0,0,0,0,0,0,0,0,4
4700 < 4800,RRd,0,0,0,0,3,0,0,0,0,0,0,0,0,3
4700 < 4800,contactBinary,0,0,0,2,0,0,0,0,121,41,0,1,0,165
4700 < 4800,detachedBinary,0,0,2,5,0,0,0,0,59,171,0,3,0,240
4800 < 4900,RRab,0,0,4,1,0,0,0,0,0,0,0,1,0,6
4800 < 4900,RRc,0,0,0,4,0,0,0,0,0,1,0,0,0,5
4800 < 4900,contactBinary,0,0,2,2,0,0,0,0,196,94,0,2,0,296
4800 < 4900,detachedBinary,0,0,1,1,0,0,0,0,55,255,0,4,1,317
4800 < 4900,t2Cep,0,0,0,0,0,0,0,0,0,0,0,3,0,3
4900 < 5000,RRab,0,0,8,0,0,0,0,0,0,0,0,0,0,8
4900 < 5000,RRc,0,0,0,4,0,0,0,0,0,0,0,0,0,4
4900 < 5000,contactBinary,0,0,1,2,0,0,0,0,2,0,0,0,0,5
4900 < 5000,detachedBinary,0,0,0,1,0,0,0,0,0,1,0,0,0,2
4900 < 5000,t2Cep,0,0,0,0,0,0,0,0,0,0,0,6,0,6
500 < 600,Mira,559,0,1,0,0,0,3,0,13,8,14,18,4,620
500 < 600,OSARG,0,279,0,0,0,19,0,0,2,0,0,2,0,302
500 < 600,RRab,3,0,821,135,11,0,127,13,90,8,18,297,2,1525
500 < 600,RRc,0,0,64,779,14,0,84,37,253,10,8,147,2,1398
500 < 600,RRd,0,0,11,0,26,0,8,0,8,1,3,36,0,93
500 < 600,SRV,15,16,6,0,0,260,3,13,36,17,7,58,11,442
500 < 600,clasCep,0,0,8,5,0,0,184,21,0,0,0,10,0,228
500 < 600,clasOvertoneCep,0,0,0,7,0,0,6,242,0,0,0,2,0,257
500 < 600,contactBinary,1,1,18,38,0,0,14,28,2732,587,10,43,1,3473
500 < 600,detachedBinary,0,12,19,17,2,4,3,8,1004,2429,7,15,4,3524
500 < 600,dsct,0,3,23,14,3,0,40,66,121,13,503,30,0,816
500 < 600,t2Cep,0,0,12,6,0,0,0,0,0,0,0,252,5,275
500 < 600,t2RVTau,0,0,0,0,0,0,0,0,0,0,0,0,32,32
5000 < 5100,RRab,0,0,3,1,1,0,0,0,0,0,0,0,0,5
5000 < 5100,RRc,0,0,0,4,0,0,0,0,0,1,0,1,0,6
5000 < 5100,t2Cep,2,0,0,0,0,0,0,0,0,0,0,3,1,6
5100 < 5200,RRab,0,0,10,1,1,0,0,0,0,0,0,0,0,12
5100 < 5200,RRc,0,0,0,18,0,0,0,0,0,0,0,0,0,18
5100 < 5200,RRd,0,0,0,3,0,0,0,0,0,0,0,0,0,3
5200 < 5300,RRab,0,0,5,1,0,0,0,0,0,0,0,0,0,6
5200 < 5300,RRc,0,0,0,6,0,0,0,0,2,0,0,1,0,9
5200 < 5300,t2Cep,0,0,0,0,0,0,0,0,0,0,0,3,0,3
5300 < 5400,RRab,0,0,9,2,0,0,0,0,0,0,0,0,0,11
5300 < 5400,RRc,0,0,1,7,0,0,0,0,0,0,0,0,0,8
5400 < 5500,RRab,0,0,10,1,2,0,0,0,0,0,0,1,0,14
5400 < 5500,RRc,0,0,1,10,0,0,0,0,0,0,0,0,0,11
5500 < 5600,RRab,0,0,13,1,0,0,0,0,0,0,0,0,0,14
5500 < 5600,RRc,0,0,1,30,2,0,0,0,0,0,0,0,0,33
5500 < 5600,t2Cep,0,0,0,0,0,0,0,0,0,0,0,6,0,6
5500 < 5600,t2RVTau,0,0,0,0,0,0,0,0,0,0,0,0,3,3
5600 < 5700,RRab,0,0,22,0,1,0,0,0,0,0,0,1,0,24
5600 < 5700,RRc,0,0,0,39,0,0,0,0,0,0,0,0,0,39
5600 < 5700,RRd,0,0,0,0,3,0,0,0,0,0,0,0,0,3
5600 < 5700,t2Cep,0,0,2,2,0,0,0,0,0,0,0,2,0,6
5700 < 5800,RRab,0,0,65,5,0,0,0,0,0,1,0,2,0,73
5700 < 5800,RRc,0,0,2,62,1,0,0,0,2,2,0,0,0,69
5700 < 5800,RRd,0,0,0,0,3,0,0,0,0,0,0,0,0,3
5700 < 5800,t2Cep,0,0,0,0,0,0,0,0,0,0,0,9,0,9
5800 < 5900,RRab,0,0,129,11,1,0,0,0,1,0,0,4,0,146
5800 < 5900,RRc,0,0,2,151,6,0,0,0,5,11,0,1,0,176
5800 < 5900,RRd,0,0,0,0,3,0,0,0,0,0,0,0,0,3
5800 < 5900,clasCep,0,0,5,0,0,0,1,0,0,0,0,0,0,6
5800 < 5900,t2Cep,0,0,0,0,0,0,0,0,0,4,0,29,0,33
5800 < 5900,t2RVTau,0,0,0,0,0,0,0,0,0,0,0,0,9,9
5900 < 6000,RRab,0,0,152,33,3,0,0,0,1,1,0,8,0,198
5900 < 6000,RRc,0,0,8,225,0,0,0,0,0,0,0,4,0,237
5900 < 6000,clasCep,0,0,0,0,0,0,1,0,0,0,0,0,2,3
5900 < 6000,t2Cep,0,0,1,0,0,0,0,0,0,0,0,35,0,36
5900 < 6000,t2RVTau,0,0,0,0,0,0,0,0,0,0,0,0,15,15
600 < 700,Mira,492,0,0,0,0,2,0,0,4,1,5,6,0,510
600 < 700,OSARG,0,688,0,0,0,48,0,1,0,0,1,2,0,740
600 < 700,RRab,0,1,1079,174,14,0,47,7,30,6,10,115,0,1483
600 < 700,RRc,2,0,87,1158,39,0,29,25,61,17,2,39,0,1459
600 < 700,RRd,2,0,1,0,57,0,2,3,9,0,4,18,0,96
600 < 700,SRV,14,31,0,0,0,574,1,10,13,8,1,22,7,681
600 < 700,clasCep,0,2,10,3,0,0,2072,200,0,0,0,4,1,2292
600 < 700,clasOvertoneCep,0,0,0,7,0,0,28,1766,0,0,0,0,0,1801
600 < 700,contactBinary,0,1,9,15,1,0,6,24,1009,212,6,15,0,1298
600 < 700,detachedBinary,0,5,4,3,0,1,1,9,362,891,3,5,1,1285
600 < 700,dsct,0,0,13,3,4,0,13,76,23,3,1131,6,0,1272
600 < 700,t2Cep,0,0,9,6,0,0,5,0,2,0,0,284,0,306
600 < 700,t2RVTau,0,0,0,0,0,0,0,0,0,0,0,1,32,33
6000 < 6100,RRab,0,0,145,21,5,0,0,0,0,0,0,3,0,174
6000 < 6100,RRc,0,0,3,169,7,0,0,3,1,0,0,3,0,186
6000 < 6100,RRd,0,0,0,0,12,0,0,0,0,0,0,0,0,12
6000 < 6100,clasCep,0,0,0,0,0,0,0,0,0,0,0,3,0,3
6000 < 6100,clasOvertoneCep,0,0,0,1,0,0,0,2,0,0,0,0,0,3
6000 < 6100,t2Cep,0,0,0,0,0,0,0,0,0,0,0,36,0,36
6000 < 6100,t2RVTau,0,0,0,0,0,0,0,0,0,0,0,0,12,12
6100 < 6200,RRab,0,0,7,1,0,0,0,0,0,0,0,0,0,8
6100 < 6200,RRc,0,0,0,6,0,0,0,0,0,0,0,0,0,6
6100 < 6200,t2Cep,0,0,0,0,0,0,0,0,0,0,0,3,0,3
6200 < 6300,RRab,0,0,4,2,0,0,0,0,0,0,0,1,0,7
6200 < 6300,RRc,0,0,2,15,1,0,0,0,0,2,0,2,0,22
6200 < 6300,t2Cep,0,0,0,0,0,0,0,0,0,0,0,6,0,6
6300 < 6400,RRab,0,0,12,3,2,0,0,0,1,0,0,1,0,19
6300 < 6400,RRc,0,0,0,26,3,0,0,0,0,1,0,1,0,31
6300 < 6400,RRd,0,0,0,0,3,0,0,0,0,0,0,0,0,3
6300 < 6400,t2Cep,0,0,2,0,0,0,0,0,0,0,0,1,0,3
6400 < 6500,RRab,0,0,30,4,0,0,0,0,0,1,0,1,0,36
6400 < 6500,RRc,0,0,3,30,1,0,0,0,0,0,0,1,0,35
6400 < 6500,t2Cep,0,0,0,0,0,0,0,0,0,0,0,3,0,3
6400 < 6500,t2RVTau,0,0,0,0,0,0,0,0,0,0,0,0,3,3
6500 < 6600,RRab,0,0,101,13,2,0,0,0,0,0,0,5,0,121
6500 < 6600,RRc,0,0,6,136,7,0,0,0,0,0,0,0,0,149
6500 < 6600,RRd,0,0,0,0,9,0,0,0,0,0,0,0,0,9
6500 < 6600,t2Cep,0,0,0,0,0,0,0,0,0,0,0,18,0,18
6500 < 6600,t2RVTau,0,0,0,0,0,0,0,0,0,0,0,0,9,9
6600 < 6700,RRab,0,0,149,14,1,0,1,0,0,0,0,3,0,168
6600 < 6700,RRc,0,0,23,79,0,0,0,0,0,0,0,0,0,102
6600 < 6700,RRd,0,0,0,0,6,0,0,0,0,0,0,0,0,6
6600 < 6700,t2Cep,0,0,0,0,0,0,0,0,0,0,0,18,0,18
6700 < 6800,RRab,0,0,90,4,1,0,0,0,0,0,0,5,0,100
6700 < 6800,RRc,0,2,8,71,0,0,0,0,0,0,0,0,0,81
6700 < 6800,clasOvertoneCep,0,0,0,3,0,0,0,0,0,0,0,0,0,3
6700 < 6800,t2Cep,0,0,0,0,0,0,0,0,0,0,0,42,0,42
6700 < 6800,t2RVTau,0,0,0,0,0,0,0,0,0,0,0,0,21,21
6800 < 6900,RRab,0,0,1,0,0,0,0,0,0,0,0,0,0,1
6800 < 6900,RRc,0,0,0,1,0,0,0,0,0,1,0,0,0,2
700 < 800,Mira,664,0,3,0,0,4,0,0,0,0,5,10,0,686
700 < 800,OSARG,0,853,0,1,0,86,0,0,0,0,0,1,0,941
700 < 800,RRab,0,0,765,146,11,1,12,0,30,9,1,50,0,1025
700 < 800,RRc,0,0,52,973,18,0,10,10,62,8,7,15,1,1156
700 < 800,RRd,1,0,2,2,43,0,2,0,1,0,0,8,0,59
700 < 800,SRV,14,45,0,0,0,753,0,5,2,1,1,6,4,831
700 < 800,clasCep,0,0,2,0,0,0,2044,145,0,0,0,3,0,2194
700 < 800,clasOvertoneCep,0,0,2,8,3,0,24,1666,0,0,0,0,0,1703
700 < 800,contactBinary,0,1,3,3,0,0,2,8,462,89,4,6,0,578
700 < 800,detachedBinary,0,2,2,3,0,1,0,2,166,345,1,1,1,524
700 < 800,dsct,0,0,0,2,0,0,5,31,10,0,636,3,0,687
700 < 800,t2Cep,0,0,9,3,0,0,2,2,2,0,0,191,0,209
700 < 800,t2RVTau,0,0,0,0,0,0,0,0,0,0,0,0,24,24
7000 < 7100,RRab,0,0,0,0,0,0,0,0,0,0,0,1,0,1
7000 < 7100,RRc,0,0,0,3,0,0,0,0,0,0,0,0,0,3
7100 < 7200,RRab,0,0,0,0,0,0,0,0,0,0,0,1,0,1
7100 < 7200,RRc,0,0,0,2,0,0,0,0,0,0,0,0,0,2
7200 < 7300,RRab,0,0,2,0,0,0,0,0,0,0,0,0,0,2
7300 < 7400,RRab,0,0,2,0,0,0,0,0,0,0,0,0,0,2
7300 < 7400,RRc,0,0,0,3,0,0,0,0,0,0,0,0,0,3
7300 < 7400,t2Cep,0,0,0,0,0,0,0,0,0,0,0,3,0,3
7400 < 7500,RRab,0,0,1,1,0,0,0,0,0,0,0,0,0,2
7500 < 7600,RRab,0,0,0,2,0,0,0,0,0,0,0,0,0,2
7500 < 7600,RRc,0,0,0,1,0,0,0,0,0,0,0,0,0,1
7700 < 7800,RRab,0,0,1,0,0,0,0,0,0,0,0,1,0,2
7700 < 7800,RRc,0,0,1,4,0,0,0,0,0,0,0,0,0,5
7700 < 7800,t2Cep,0,0,0,0,0,0,0,0,0,0,0,3,0,3
7800 < 7900,RRab,0,0,1,0,0,0,0,0,0,0,0,0,0,1
7800 < 7900,RRc,0,0,0,2,0,0,0,0,0,0,0,0,0,2
7900 < 8000,RRab,0,0,4,0,0,0,0,0,1,1,0,0,0,6
7900 < 8000,RRc,0,0,1,3,0,0,0,0,0,0,0,0,0,4
800 < 900,Mira,604,0,0,0,0,0,8,5,0,0,0,0,1,618
800 < 900,OSARG,0,968,0,0,0,80,0,0,0,0,0,0,0,1048
800 < 900,RRab,0,0,904,160,6,0,8,0,22,10,0,45,0,1155
800 < 900,RRc,0,0,91,995,6,0,6,2,17,10,4,10,0,1141
800 < 900,RRd,0,0,0,0,12,0,0,0,0,0,0,0,0,12
800 < 900,SRV,10,38,0,0,0,889,1,18,2,0,0,4,2,964
800 < 900,clasCep,0,0,4,3,0,0,238,11,0,0,0,3,0,259
800 < 900,clasOvertoneCep,0,0,2,5,0,0,2,117,2,3,0,0,0,131
800 < 900,contactBinary,0,0,0,1,0,0,2,9,19,3,0,4,0,38
800 < 900,detachedBinary,0,0,0,0,0,0,1,16,4,6,1,3,0,31
800 < 900,dsct,0,0,3,0,0,0,1,106,1,0,471,0,0,582
800 < 900,t2Cep,0,0,5,0,0,0,8,0,1,0,0,292,1,307
800 < 900,t2RVTau,0,0,0,0,0,0,0,0,0,0,0,0,60,60
8000 < 8100,RRab,0,0,3,2,0,0,0,0,0,0,0,0,0,5
8000 < 8100,RRc,0,0,0,4,0,0,0,0,0,0,0,0,0,4
8100 < 8200,RRc,0,0,0,1,0,0,0,0,0,0,0,0,0,1
8200 < 8300,RRab,0,0,1,0,0,0,0,0,0,0,0,0,0,1
8200 < 8300,RRc,0,0,0,2,0,0,0,0,0,0,0,0,0,2
8200 < 8300,t2RVTau,0,0,0,0,0,0,0,0,0,0,0,0,3,3
8300 < 8400,RRab,0,0,3,0,0,0,0,0,0,0,0,1,0,4
8300 < 8400,RRc,0,0,0,4,0,0,0,0,0,0,0,0,0,4
8400 < 8500,RRc,0,0,0,2,0,0,0,0,0,0,0,2,0,4
8500 < 8600,RRab,0,0,9,1,0,0,0,0,0,0,0,0,0,10
8500 < 8600,RRc,0,0,0,4,0,0,0,0,0,0,0,1,0,5
8600 < 8700,RRab,0,0,5,1,0,0,0,0,0,0,0,4,0,10
8600 < 8700,RRc,0,0,0,6,0,0,0,0,0,0,0,2,0,8
8600 < 8700,t2Cep,0,0,0,0,0,0,0,0,0,0,0,3,0,3
8700 < 8800,RRc,0,0,0,1,0,0,0,0,0,0,0,0,0,1
8800 < 8900,RRab,0,0,2,0,0,0,0,0,0,0,0,0,0,2
8800 < 8900,RRc,0,0,0,4,0,0,0,0,0,0,0,0,0,4
8900 < 9000,RRab,0,0,3,1,0,0,0,0,0,0,0,1,0,5
8900 < 9000,clasOvertoneCep,0,0,0,0,0,0,0,3,0,0,0,0,0,3
900 < 1000,Mira,260,0,0,0,0,0,1,0,0,0,0,0,1,262
900 < 1000,OSARG,0,485,0,0,0,37,0,0,0,0,2,0,0,524
900 < 1000,RRab,0,0,73,15,2,0,2,1,2,2,1,4,0,102
900 < 1000,RRc,0,0,5,76,0,0,1,2,3,1,4,0,0,92
900 < 1000,RRd,0,0,0,0,9,0,0,0,0,0,0,0,0,9
900 < 1000,SRV,4,23,0,0,0,375,0,2,1,0,0,1,1,407
900 < 1000,clasCep,0,0,0,0,2,0,16,0,0,0,0,0,0,18
900 < 1000,clasOvertoneCep,0,0,0,0,0,0,0,13,0,2,0,0,0,15
900 < 1000,contactBinary,0,0,1,0,0,0,0,0,11,1,1,2,0,16
900 < 1000,detachedBinary,0,0,0,0,0,0,1,0,2,2,0,0,0,5
900 < 1000,dsct,0,0,0,0,0,0,0,11,2,0,508,0,0,521
900 < 1000,t2Cep,0,0,2,0,0,0,2,0,0,0,0,16,0,20
900 < 1000,t2RVTau,0,0,0,0,0,0,0,0,0,0,0,0,9,9
9000 < 9100,RRab,0,0,4,1,0,0,0,0,0,0,0,0,0,5
9000 < 9100,RRc,0,0,0,3,1,0,0,0,0,0,0,0,0,4
9000 < 9100,clasCep,0,0,0,0,0,0,0,0,0,0,0,3,0,3
9000 < 9100,t2RVTau,0,0,0,0,0,0,0,0,0,0,0,0,3,3
9100 < 9200,RRab,0,0,7,0,0,0,0,0,0,0,0,0,0,7
9100 < 9200,RRc,0,0,1,3,0,0,0,0,0,0,0,0,0,4
9100 < 9200,t2Cep,0,0,0,0,0,0,0,0,0,0,0,3,0,3
9200 < 9300,RRab,0,0,33,3,0,0,0,0,0,0,0,0,0,36
9200 < 9300,RRc,0,0,0,13,2,0,0,0,0,0,0,0,0,15
9300 < 9400,RRab,0,0,145,14,4,0,0,0,0,0,0,4,0,167
9300 < 9400,RRc,0,0,3,199,4,0,0,0,0,0,0,0,0,206
9300 < 9400,RRd,0,0,0,0,6,0,0,0,0,0,0,0,0,6
9300 < 9400,t2Cep,0,0,0,0,0,0,0,0,0,0,0,33,0,33
9300 < 9400,t2RVTau,0,0,0,0,0,0,0,0,0,0,0,0,3,3
9400 < 9500,RRab,0,0,1,0,0,0,0,0,0,0,0,0,0,1
9500 < 9600,RRab,0,0,0,1,0,0,0,0,0,0,0,0,0,1
9500 < 9600,RRc,0,0,3,0,0,0,0,0,0,0,0,0,0,3
9600 < 9700,RRab,0,0,0,1,0,0,0,0,0,0,0,0,0,1
9600 < 9700,RRc,0,0,0,4,0,0,0,0,0,0,0,0,0,4
9700 < 9800,RRab,0,0,1,0,0,0,0,0,0,0,0,0,0,1
9700 < 9800,RRc,0,0,2,0,0,0,0,0,0,0,0,0,0,2
9700 < 9800,t2Cep,0,0,0,0,0,0,0,0,0,0,0,3,0,3
9800 < 9900,RRc,0,0,0,3,0,0,0,0,0,0,0,0,0,3
9900 < 10000,RRab,0,0,1,0,0,0,0,0,0,0,0,0,0,1
9900 < 10000,RRc,0,0,0,1,0,0,0,0,0,0,0,0,0,1
All,,35595,24623,22534,27823,1780,19803,22629,14865,54464,29319,10363,30660,5281,299739
